"instanceType","id","uuid:ID"
"ACTIVITY","ScheduledActivityInstance_7","c367e694-238a-4747-9f08-cc19899791cd"
"ACTIVITY","ScheduledActivityInstance_8","92b53dfd-498a-4204-8719-519c87685a57"
"ACTIVITY","ScheduledActivityInstance_9","fa9b28fe-6d8b-4c99-a052-402423daa589"
"ACTIVITY","ScheduledActivityInstance_10","b3935a6b-41e9-48ff-a4c0-f067f6caa08d"
"ACTIVITY","ScheduledActivityInstance_11","523e5219-cec3-41f6-bb74-e28c3295b792"
"ACTIVITY","ScheduledActivityInstance_12","a22d3d34-f425-49a9-9219-6d56df1da3ea"
"ACTIVITY","ScheduledActivityInstance_13","b9f56696-6105-4259-8e0a-8d712748b8c2"
"ACTIVITY","ScheduledActivityInstance_14","3fb2e19f-8e2b-402b-a19f-89da645860dd"
"ACTIVITY","ScheduledActivityInstance_15","0662c75d-5d50-4980-ba38-9a5908e09059"
"ACTIVITY","ScheduledActivityInstance_16","6a33f64a-084d-42b3-91f6-c7edbf03e4d2"
"ACTIVITY","ScheduledActivityInstance_17","4c350935-e113-42d8-b4f3-0f896bef0ab7"
"ACTIVITY","ScheduledActivityInstance_18","e277861a-2085-4a79-9372-e50b8b6f3624"
"ACTIVITY","ScheduledActivityInstance_19","8f5cd8cd-83d2-4655-add4-63d37946045f"
"ACTIVITY","ScheduledActivityInstance_20","b9e380a2-b225-4661-8066-74de01a6575f"
"ACTIVITY","ScheduledActivityInstance_21","127bd01b-fbf9-4458-9ccd-3f8921d836a6"
"ACTIVITY","ScheduledActivityInstance_22","aac46ba8-0e80-4f36-8af5-f09aab344c66"
"ACTIVITY","ScheduledActivityInstance_1","03a376da-1e32-4d37-9a46-da6065b8ef62"
"ACTIVITY","ScheduledActivityInstance_2","6a7c73cb-012c-4a40-b832-6ca2f2470159"
"ACTIVITY","ScheduledActivityInstance_3","e8991d6a-a727-4ce6-867e-cc5d458766f1"
"ACTIVITY","ScheduledActivityInstance_4","b503a27d-a17f-4d34-8f86-86dc412a1e9e"
"ACTIVITY","ScheduledActivityInstance_5","c99f70a5-8b02-4d58-ad67-1009d8a1dde7"
"ACTIVITY","ScheduledActivityInstance_6","ec9ffe83-4a51-4a24-8acc-080f0a2200e4"
