"id","codeSystemVersion","code","codeSystem","instanceType","uuid:ID","decode"
"Code_1","2023-12-15","C98388","http://www.cdisc.org","Code","f335f9bf-0af5-4f50-99f5-bf2ecc8c7e36","Interventional Study"
"Code_2","2023-12-15","C15601","http://www.cdisc.org","Code","122134a1-a3a6-410d-8d53-cb9cdf3fdc38","Phase II Trial"
"Code_9","2023-12-15","C132352","http://www.cdisc.org","Code","8ea68f64-8662-4752-a85a-e62e6c915308","Sponsor Approval Date"
"Code_10","2023-12-15","C68846","http://www.cdisc.org","Code","b99ed910-7ab3-433f-934b-2ed687ea7c53","Global"
"Code_72","2023-12-15","C99904x3","http://www.cdisc.org","Code","33dc9bc3-d80c-42b6-a0c7-28059a93d9a2","IRB/IEC Feedback"
"Code_73","2023-12-15","C17649","http://www.cdisc.org","Code","0465e6f1-b9f3-4e4e-a615-2cf54ffe0403","Other"
"Code_75","2023-12-15","C41129","http://www.cdisc.org","Code","47f951b3-9ec0-44f5-86eb-d3bc37f5cc03","Region"
"Code_74","2020-08","150","ISO 3166 1 alpha3","Code","fa47d384-efde-46bb-bd59-3f094c6411d6","Europe"
"Code_4","12","PHARMA","SPONSOR","Code","1334eae2-a4f2-4ce0-b7d3-552dd171d476","Eli Lilly"
"Code_76","2023-12-15","C70793","http://www.cdisc.org","Code","9ab870f0-7253-48a7-b4a3-38777083b37a","Clinical Study Sponsor"
"Code_77","2020-08","USA","ISO 3166 1 alpha3","Code","90cf1dab-ab19-4507-8ebf-04220cf5f252","United States of America"
"Code_78","2023-12-15","C93453","http://www.cdisc.org","Code","ef5af244-024f-4c4d-8f6c-69209bb29f5c","Study Registry"
"Code_79","2020-08","USA","ISO 3166 1 alpha3","Code","ab0b5307-7b9b-4f2a-82a5-af500c0c9fee","United States of America"
"Code_137","2023-12-15","C49656","http://www.cdisc.org","Code","49baa299-3d8b-4b22-8dba-565491288ed6","Treatment Study"
"Code_138","2023-12-15","C49666","http://www.cdisc.org","Code","80606780-7c66-4314-8ab7-83d10f708211","Efficacy Study"
"Code_139","2023-12-15","C49667","http://www.cdisc.org","Code","0eedd2fb-7bfd-4b34-8377-a9f8b85b986a","Safety Study"
"Code_140","2023-12-15","C49663","http://www.cdisc.org","Code","a3174a8e-41a9-45dc-90c8-4f00f2069de3","Pharmacokinetic Study"
"Code_134","12","MILD_MOD_ALZ","SPONSOR","Code","03c8d6d3-0ea8-4b7b-ac1c-fd6e66a8d2e1","Mild to Moderate Alzheimer's Disease"
"Code_135","January 31, 2018","26929004","SNOMED","Code","d063f74d-7a4f-42cb-b012-9d7b1c44a0e1","Alzheimer's disease"
"Code_143","2023-12-15","C99907x1","http://www.cdisc.org","Code","445c8361-687b-4f6c-b4a0-8db611d15097","EXTENSION"
"Code_144","2023-12-15","C98704","http://www.cdisc.org","Code","50fef72a-a670-40b0-9abd-c484f2b354f7","ADAPTIVE"
"Code_141","2023-12-15","C82639","http://www.cdisc.org","Code","a798b4f5-57a1-4f9c-a276-3aed5d5db371","Parallel Study"
"Code_83","2023-12-15","C25716","http://www.cdisc.org","Code","6a9075aa-cdf8-4126-b904-4e4d73d0d71c","Visit"
"Code_84","2023-12-15","C51282","http://www.cdisc.org","Code","2bc0939b-77d1-4c06-94bd-a439c4a55f50","Clinic"
"Code_85","2023-12-15","C175574","http://www.cdisc.org","Code","ac3148b5-65f1-4495-9e78-b539329fbc5a","In Person"
"Code_86","2023-12-15","C25716","http://www.cdisc.org","Code","20a5c4a5-766a-4294-810c-f013e3f6f1ca","Visit"
"Code_87","2023-12-15","C51282","http://www.cdisc.org","Code","40b05cfd-0376-4bd3-987e-89a4b22344e5","Clinic"
"Code_88","2023-12-15","C175574","http://www.cdisc.org","Code","a1f6ecfc-2c21-49aa-b3db-ce6bafafdf9b","In Person"
"Code_89","2023-12-15","C25716","http://www.cdisc.org","Code","3d299842-2f64-421f-8e71-13286588d67e","Visit"
"Code_90","2023-12-15","C51282","http://www.cdisc.org","Code","0554a764-9036-497a-a2b7-41bfa9353e0a","Clinic"
"Code_91","2023-12-15","C175574","http://www.cdisc.org","Code","56f6b902-f226-491c-9562-9d1b05ec16b9","In Person"
"Code_92","2023-12-15","C25716","http://www.cdisc.org","Code","ca3c6660-23c7-4459-9fd5-66c4296627a6","Visit"
"Code_93","2023-12-15","C51282","http://www.cdisc.org","Code","404d2e97-08fd-45b8-9481-fd10eaad6704","Clinic"
"Code_94","2023-12-15","C175574","http://www.cdisc.org","Code","c1a1aaa4-cad1-44ca-8e61-efe2acabecc6","In Person"
"Code_95","2023-12-15","C25716","http://www.cdisc.org","Code","16923585-ccb4-45c1-aa41-84b8e7b51473","Visit"
"Code_96","2023-12-15","C51282","http://www.cdisc.org","Code","14e6aa88-79a2-4baa-8333-cf44bd55dca3","Clinic"
"Code_97","2023-12-15","C175574","http://www.cdisc.org","Code","1a969912-b86e-4818-82d8-21e304a4d4ff","In Person"
"Code_98","2023-12-15","C25716","http://www.cdisc.org","Code","1ce3ae72-61f4-4db7-a8e1-47b297326382","Visit"
"Code_99","2023-12-15","C51282","http://www.cdisc.org","Code","b1f82c69-650a-412c-a6fc-0d4e9c0236ad","Clinic"
"Code_100","2023-12-15","C175574","http://www.cdisc.org","Code","f230754a-1f09-48e1-9b23-f4499c932ba4","In Person"
"Code_101","2023-12-15","C25716","http://www.cdisc.org","Code","e30ba6ba-0f42-4867-a0b1-da735c6911be","Visit"
"Code_102","2023-12-15","C51282","http://www.cdisc.org","Code","06db031c-aa99-45d5-8b52-7a3ee553e5ef","Clinic"
"Code_103","2023-12-15","C175574","http://www.cdisc.org","Code","721dc6b1-fdb2-4c61-b54d-0843259d239c","In Person"
"Code_104","2023-12-15","C171537","http://www.cdisc.org","Code","9c172094-6daf-4f5b-bd07-08bf85484f6f","Telephone Call"
"Code_105","2023-12-15","C25716","http://www.cdisc.org","Code","d6679791-2510-4e8c-a530-197694cf424b","Visit"
"Code_106","2023-12-15","C51282","http://www.cdisc.org","Code","2da62110-1b41-49d9-97e3-5e3f5beb8157","Clinic"
"Code_107","2023-12-15","C175574","http://www.cdisc.org","Code","378587c8-f5ee-4807-8f25-b3b2cc5392fb","In Person"
"Code_108","2023-12-15","C171537","http://www.cdisc.org","Code","f419d7aa-cf76-46c0-9025-49567e9e8858","Telephone Call"
"Code_109","2023-12-15","C25716","http://www.cdisc.org","Code","0a0350b3-fc49-49ab-9c46-72ccd66a1aed","Visit"
"Code_110","2023-12-15","C51282","http://www.cdisc.org","Code","4cd4844e-bfee-42c9-958a-3c1d5038f855","Clinic"
"Code_111","2023-12-15","C175574","http://www.cdisc.org","Code","6b57918c-d313-433f-a227-dcbe76135440","In Person"
"Code_112","2023-12-15","C171537","http://www.cdisc.org","Code","226031c3-9885-4597-82fd-a1e3881f5f30","Telephone Call"
"Code_113","2023-12-15","C25716","http://www.cdisc.org","Code","d4038854-078d-474f-b17c-a5aa6c28b03e","Visit"
"Code_114","2023-12-15","C51282","http://www.cdisc.org","Code","d1470782-a891-40ba-b85f-6100aa8e58f2","Clinic"
"Code_115","2023-12-15","C175574","http://www.cdisc.org","Code","bb146d1a-09ea-47ed-aaea-32d1541c0f03","In Person"
"Code_116","2023-12-15","C171537","http://www.cdisc.org","Code","f2216e38-b667-4827-bf88-399e2a5bee5f","Telephone Call"
"Code_117","2023-12-15","C25716","http://www.cdisc.org","Code","ecf32ce4-dc22-4286-ba07-ef0d6df35ca5","Visit"
"Code_118","2023-12-15","C51282","http://www.cdisc.org","Code","5f0332c0-6e63-4ac4-b15b-6c65ccb2ae4d","Clinic"
"Code_119","2023-12-15","C175574","http://www.cdisc.org","Code","8a7e2468-f7b5-4641-842d-3be935ff5cb8","In Person"
"Code_120","2023-12-15","C25716","http://www.cdisc.org","Code","cada5a45-20b1-4c26-94bb-d47b232da406","Visit"
"Code_121","2023-12-15","C51282","http://www.cdisc.org","Code","a396d201-94ec-4e1e-902e-982cb7c504cc","Clinic"
"Code_122","2023-12-15","C175574","http://www.cdisc.org","Code","517d6a0e-c98a-4ae5-93e6-504d32b4e79a","In Person"
"Code_80","January 31, 2018","383371000119108","SNOMED","Code","162fe257-bb01-4799-8db0-b56841b19c70","CT of head without contrast"
"Code_81","12","123","SPONSOR","Code","040fb1c7-e32e-4955-91d7-034085db23ff","Subject Supine"
"Code_82","12","124","SPONSOR","Code","88cfc5d4-50fb-43b2-9c10-0e80393a7659","Subject Standing"
"Code_429","2023-12-15","C82977","http://www.cdisc.org","Code","598840e3-ec46-4b61-ae40-221de1b91f77","Dictionary-derived Term"
"Code_430","2023-12-15","C82571","http://www.cdisc.org","Code","f8321b35-2434-4d7f-ab6f-cf91aa3ba6f8","Reported Event Term"
"Code_431","2023-12-15","C82517","http://www.cdisc.org","Code","075b1903-1b10-4907-aed8-3ceb8436ca49","Observation Start Date Time"
"Code_432","2023-12-15","C16735","http://www.cdisc.org","Code","03729167-c2b7-4994-8c7a-9f78cd109207","Informed Consent"
"Code_433","2023-12-15","C20197","http://www.cdisc.org","Code","23e41447-0876-4822-8ff0-606e2df8da7a","Male"
"Code_434","2023-12-15","C16576","http://www.cdisc.org","Code","67d904ff-f5a0-4e44-94b5-a0387a6ac151","Female"
"Code_435","2023-12-15","C28421","http://www.cdisc.org","Code","b76f88e0-939b-4b1c-a3e4-c35863ad645d","Sex"
"Code_436","2023-12-15","C28421","http://www.cdisc.org","Code","9fb572e3-3bfb-4c5c-ad90-b831f83f1a29","Sex"
"Code_437","2023-12-15","C17049","http://www.cdisc.org","Code","2fcc3708-955f-4c6f-8d05-2cc08c635b56","Race"
"Code_438","2023-12-15","C17049","http://www.cdisc.org","Code","b25a079f-06b0-482e-b0b8-2f8e4626f0e2","Race"
"Code_439","2023-12-15","C174446","http://www.cdisc.org","Code","60cafedf-8049-4fa3-96e9-96109c298b93","TEMP"
"Code_440","2023-12-15","C77140","http://www.cdisc.org","Code","6a484588-1ccf-4799-8206-1e853861cba4","Clinical Test Result"
"Code_441","2023-12-15","C42559","http://www.cdisc.org","Code","47290bf7-5993-4f54-8674-dce559123c7c","Degree Celsius"
"Code_442","2023-12-15","C44277","http://www.cdisc.org","Code","41029039-43bf-418d-8025-923f67b36ba5","Degree Fahrenheit"
"Code_443","2023-12-15","C42537","http://www.cdisc.org","Code","6ceb8344-aa6b-4270-a147-a299b498a9f8","Kelvin"
"Code_444","2023-12-15","C44276","http://www.cdisc.org","Code","d7660eaa-3d9f-4d2b-9489-7079f4dd2b88","Unit of Temperature"
"Code_445","2023-12-15","C12674","http://www.cdisc.org","Code","ebb92811-0018-4ca5-9384-8dbed1bb5217","Axilla"
"Code_446","2023-12-15","C12394","http://www.cdisc.org","Code","db714617-50e3-4f92-a74d-40b96347977e","Ear"
"Code_447","2023-12-15","C89803","http://www.cdisc.org","Code","96bab943-ec72-4c48-823c-0b676b74c65b","Forehead"
"Code_448","2023-12-15","C12421","http://www.cdisc.org","Code","12cf3d8d-8eb1-4bef-8be3-99076d97f31a","Oral Cavity"
"Code_449","2023-12-15","C12390","http://www.cdisc.org","Code","4c16c60e-481d-4032-af06-7cd3d02b8dd8","Rectum"
"Code_450","2023-12-15","C13717","http://www.cdisc.org","Code","3f6aa4c1-7fa0-4412-a687-0c91d00d5369","Anatomic Site"
"Code_451","2023-12-15","C174446","http://www.cdisc.org","Code","9bbeee9f-40aa-4995-8c82-b57514caee55","TEMP"
"Code_452","2023-12-15","C25208","http://www.cdisc.org","Code","ee2e606e-e41e-4707-8257-b133ff106208","WEIGHT"
"Code_453","2023-12-15","C77140","http://www.cdisc.org","Code","559b6f23-4d05-4de6-91e0-8fa8525b7884","Clinical Test Result"
"Code_454","2023-12-15","C48531","http://www.cdisc.org","Code","7b6ee201-a0aa-4d77-bc97-3d4b2b6cbe7f","Pound"
"Code_455","2023-12-15","C48155","http://www.cdisc.org","Code","1f23760b-94f6-480f-aa7c-ac80648bcfa7","Gram"
"Code_456","2023-12-15","C28252","http://www.cdisc.org","Code","e1836137-c631-4791-b72c-90b232e1e070","Kilogram"
"Code_457","2023-12-15","C48208","http://www.cdisc.org","Code","bf083d17-b402-4c14-81ef-326a37b54d9b","Unit of Weight"
"Code_458","2023-12-15","C25208","http://www.cdisc.org","Code","171ce7f0-238f-4364-aa7e-0ba182caf671","WEIGHT"
"Code_459","2023-12-15","C25347","http://www.cdisc.org","Code","7384371b-8291-4abb-89c1-af4bee5f0ea2","HEIGHT"
"Code_460","2023-12-15","C77140","http://www.cdisc.org","Code","a8243a32-828e-458f-9d93-6d99785b38c1","Clinical Test Result"
"Code_461","2023-12-15","C49668","http://www.cdisc.org","Code","b7d4b6c9-b101-4621-a39f-ec38d8b94795","Centimeter"
"Code_462","2023-12-15","C48500","http://www.cdisc.org","Code","bd0139a2-e421-40b4-bdd5-04ffec488520","Inch"
"Code_463","2023-12-15","C41139","http://www.cdisc.org","Code","8b1d909f-b194-4353-86ff-7af3411a8bc4","Meter"
"Code_464","2023-12-15","C168688","http://www.cdisc.org","Code","15774555-4abb-4cf9-a531-52a71d61ad41","Unit of Height"
"Code_465","2023-12-15","C25347","http://www.cdisc.org","Code","87f9fa76-dc36-464a-9178-a8958379c64e","HEIGHT"
"Code_466","2023-12-15","C64433","http://www.cdisc.org","Code","eec934a6-dd09-45f7-9595-b1d77f0bc44b","ALT"
"Code_467","2023-12-15","C36292","http://www.cdisc.org","Code","60c8583e-0dc6-4cfe-9b87-dc18b822628c","Laboratory Test Result"
"Code_468","2023-12-15","C67456","http://www.cdisc.org","Code","dc8549ba-fcb8-487f-939b-d5fa3204f1c8","Unit per Liter"
"Code_469","2023-12-15","C67397","http://www.cdisc.org","Code","f7e073a0-3b1d-4785-b2e4-6bc7d5c3e428","Microkatal per Liter"
"Code_470","2023-12-15","C67376","http://www.cdisc.org","Code","5748807a-10ac-45d4-9ad9-d99917483718","International Unit per Liter"
"Code_471","2023-12-15","C70510","http://www.cdisc.org","Code","ecd29174-1f58-4d67-bc91-da33df6ff498","Nanokatal per Liter"
"Code_472","2023-12-15","C67365","http://www.cdisc.org","Code","0a6aa382-ffc1-45db-8b24-ea121e891b7b","Unit of Catalytic Activity Concentration"
"Code_473","2023-12-15","C70713","http://www.cdisc.org","Code","413fd902-2ad2-4d2d-a827-1c4393452a55","Biospecimen Type"
"Code_474","2023-12-15","C49487","http://www.cdisc.org","Code","bb3d1c0b-1f29-4da5-9cce-2b92646de2d9","No"
"Code_475","2023-12-15","C49488","http://www.cdisc.org","Code","4aa51e7c-1686-4096-8370-1fd6f80060ed","Yes"
"Code_476","2023-12-15","C83309","http://www.cdisc.org","Code","6bf6f57b-bb4d-4893-9c41-5f0009972990","Laboratory Test Fasting Status"
"Code_477","2023-12-15","C64433","http://www.cdisc.org","Code","d28e9fee-bf5b-4132-9ed5-17639f2b64b3","ALT"
"Code_478","2023-12-15","C64431","http://www.cdisc.org","Code","50abc06a-f16b-4f4e-b243-a57a980991d6","ALB"
"Code_479","2023-12-15","C36292","http://www.cdisc.org","Code","d52df182-4f44-48dd-b459-75d0cb111ba0","Laboratory Test Result"
"Code_480","2023-12-15","C70713","http://www.cdisc.org","Code","7f578b92-01d3-4b1a-a623-d37f122bc1c5","Biospecimen Type"
"Code_481","2023-12-15","C49487","http://www.cdisc.org","Code","9a917f41-630b-45ab-9f99-c3f56ee70d94","No"
"Code_482","2023-12-15","C49488","http://www.cdisc.org","Code","fd1e7af2-6d25-429b-afca-81252f0333d5","Yes"
"Code_483","2023-12-15","C83309","http://www.cdisc.org","Code","c2f680ca-a9eb-44b2-97a9-837fce292883","Laboratory Test Fasting Status"
"Code_484","2023-12-15","C64431","http://www.cdisc.org","Code","dc7c51f5-d800-4083-842d-0e3276e01889","ALB"
"Code_485","2023-12-15","C64432","http://www.cdisc.org","Code","0d4604e4-a4ce-4928-904c-ad563deb01d9","ALP"
"Code_486","2023-12-15","C36292","http://www.cdisc.org","Code","299c043b-899b-434a-ab1f-a30759f43ed8","Laboratory Test Result"
"Code_487","2023-12-15","C67456","http://www.cdisc.org","Code","0e376b87-da41-4377-9e54-936f5f18d203","Unit per Liter"
"Code_488","2023-12-15","C67397","http://www.cdisc.org","Code","f4484779-eb3d-4f83-8cea-5767fdda635c","Microkatal per Liter"
"Code_489","2023-12-15","C67376","http://www.cdisc.org","Code","d94f36c5-8d0f-4fb3-b962-382286911f6c","International Unit per Liter"
"Code_490","2023-12-15","C67365","http://www.cdisc.org","Code","79b7cbe1-57b2-4d4c-82a5-c3282ba00847","Unit of Catalytic Activity Concentration"
"Code_491","2023-12-15","C70713","http://www.cdisc.org","Code","f33d0b92-b6a4-4415-810b-92878df8e711","Biospecimen Type"
"Code_492","2023-12-15","C49487","http://www.cdisc.org","Code","271a0d53-1ae5-438e-aa17-7f33590ce2fd","No"
"Code_493","2023-12-15","C49488","http://www.cdisc.org","Code","ed71aeb6-6a10-43eb-89e4-b686870f5059","Yes"
"Code_494","2023-12-15","C83309","http://www.cdisc.org","Code","dcba9d25-635b-417d-9f67-863e5d7b223d","Laboratory Test Fasting Status"
"Code_495","2023-12-15","C64432","http://www.cdisc.org","Code","77b4358a-fdb4-41f1-a7ec-3a65819d49a3","ALP"
"Code_496","2023-12-15","C64467","http://www.cdisc.org","Code","cc804811-f2ae-48ed-b6ee-1cbf0e9bad27","AST"
"Code_497","2023-12-15","C36292","http://www.cdisc.org","Code","62d92f77-ba2f-4779-91e4-860d0dc04f20","Laboratory Test Result"
"Code_498","2023-12-15","C67456","http://www.cdisc.org","Code","aa175e6c-44d6-4cfd-b838-cf8f3733085f","Unit per Liter"
"Code_499","2023-12-15","C67397","http://www.cdisc.org","Code","5d7388bc-d422-4cee-b33c-5622c8d8fa7d","Microkatal per Liter"
"Code_500","2023-12-15","C67376","http://www.cdisc.org","Code","e06c337a-280b-4137-a316-ae8cf47c2d99","International Unit per Liter"
"Code_501","2023-12-15","C67365","http://www.cdisc.org","Code","311826c3-3c0c-4210-9916-ed84b91a6cb0","Unit of Catalytic Activity Concentration"
"Code_502","2023-12-15","C70713","http://www.cdisc.org","Code","2644faa3-cb31-4e8c-bef6-d4481234188f","Biospecimen Type"
"Code_503","2023-12-15","C49487","http://www.cdisc.org","Code","52f6aa42-0fb4-401c-abcd-9cc6ca22159f","No"
"Code_504","2023-12-15","C49488","http://www.cdisc.org","Code","a1b79c6e-652b-48b2-9650-22074f550379","Yes"
"Code_505","2023-12-15","C83309","http://www.cdisc.org","Code","74f6fa6b-e9c3-468e-b966-c323bdbb9f5e","Laboratory Test Fasting Status"
"Code_506","2023-12-15","C64467","http://www.cdisc.org","Code","f52e787e-6c7a-44c7-bf16-fdf3f0740d85","AST"
"Code_507","2023-12-15","C64547","http://www.cdisc.org","Code","35464b8c-0451-4976-b28f-6b586990821d","CREAT"
"Code_508","2023-12-15","C36292","http://www.cdisc.org","Code","1bc752ee-5d5e-48d2-b4f0-76c739e91259","Laboratory Test Result"
"Code_509","2023-12-15","C67015","http://www.cdisc.org","Code","cfa4a785-cbb6-46bf-bd43-ce49b82b4ad1","Milligram per Deciliter"
"Code_510","2023-12-15","C64572","http://www.cdisc.org","Code","57405ab9-8a3d-4aaa-b432-da37dd556512","Microgram per Milliliter"
"Code_511","2023-12-15","C64387","http://www.cdisc.org","Code","086a64be-9539-43d9-a699-446f1ae17a4a","Millimole per Liter"
"Code_512","2023-12-15","C48508","http://www.cdisc.org","Code","8462a52f-a367-45cf-850e-66403cbfcc50","Micromole per Liter"
"Code_513","2023-12-15","C48207","http://www.cdisc.org","Code","b7c1d388-5d5d-41ed-9e87-993405b26c82","Unit of Concentration"
"Code_514","2023-12-15","C70713","http://www.cdisc.org","Code","6186aa36-5c0f-4456-bcbb-73793d52bf81","Biospecimen Type"
"Code_515","2023-12-15","C49487","http://www.cdisc.org","Code","7c1f1b60-a0bf-4499-a30d-ab0ace62e219","No"
"Code_516","2023-12-15","C49488","http://www.cdisc.org","Code","b2fa6a01-02dc-48ac-b422-7c93fc5c2477","Yes"
"Code_517","2023-12-15","C83309","http://www.cdisc.org","Code","bee0860e-4eed-4b40-aa9b-4dded1279426","Laboratory Test Fasting Status"
"Code_518","2023-12-15","C64547","http://www.cdisc.org","Code","a195e80c-b4ec-4311-b08e-de495943bce8","CREAT"
"Code_519","2023-12-15","C64853","http://www.cdisc.org","Code","df70275a-735c-4f11-9d08-946c7b2c4bbd","K"
"Code_520","2023-12-15","C36292","http://www.cdisc.org","Code","096c581a-57e4-4f86-bf9f-81d730260c8e","Laboratory Test Result"
"Code_521","2023-12-15","C67474","http://www.cdisc.org","Code","f66def71-069b-419c-ba38-f07aa8c5c4e2","Milliequivalent per Liter"
"Code_522","2023-12-15","C67473","http://www.cdisc.org","Code","20734237-5386-434f-a788-c746f271ebdc","Milliequivalent per Deciliter"
"Code_523","2023-12-15","C64387","http://www.cdisc.org","Code","39ff881b-464e-486c-a349-d36bf6009164","Millimole per Liter"
"Code_524","2023-12-15","C64567","http://www.cdisc.org","Code","c75c8100-5496-44e4-9101-37972e14336c","Molarity Unit"
"Code_525","2023-12-15","C70713","http://www.cdisc.org","Code","16c5dffd-3bbb-4417-b4ce-799e3ffb2e74","Biospecimen Type"
"Code_526","2023-12-15","C49487","http://www.cdisc.org","Code","37ec9d12-3695-469d-baf3-9937fc59d7c3","No"
"Code_527","2023-12-15","C49488","http://www.cdisc.org","Code","16f77bbc-b21b-415f-a514-04115703aadd","Yes"
"Code_528","2023-12-15","C83309","http://www.cdisc.org","Code","2dc91252-8f8c-43e5-bd29-18ef910b089e","Laboratory Test Fasting Status"
"Code_529","2023-12-15","C64853","http://www.cdisc.org","Code","df28a72e-0757-441e-b957-d28b07f1b0c7","K"
"Code_530","2023-12-15","C64809","http://www.cdisc.org","Code","742ccd16-4c61-40f7-bb7b-a337f198fc2c","SODIUM"
"Code_531","2023-12-15","C36292","http://www.cdisc.org","Code","631d422e-ca9b-4753-b3b8-22b375b3809d","Laboratory Test Result"
"Code_532","2023-12-15","C67474","http://www.cdisc.org","Code","5da19c3a-0417-4794-8f42-f17830f2973e","Milliequivalent per Liter"
"Code_533","2023-12-15","C67473","http://www.cdisc.org","Code","40e701bd-0506-4d83-9b01-afca646f6a82","Milliequivalent per Deciliter"
"Code_534","2023-12-15","C64387","http://www.cdisc.org","Code","5546dc7a-689d-4ef8-a796-7ba8cb127f1c","Millimole per Liter"
"Code_535","2023-12-15","C64567","http://www.cdisc.org","Code","425bfae3-c15a-4849-bc2a-ef021b012dd9","Molarity Unit"
"Code_536","2023-12-15","C70713","http://www.cdisc.org","Code","d514f45e-f3d5-4ca8-a994-9c4e471a5614","Biospecimen Type"
"Code_537","2023-12-15","C49487","http://www.cdisc.org","Code","4286b6be-a8dc-4f5c-8626-0c1b60c3e4ad","No"
"Code_538","2023-12-15","C49488","http://www.cdisc.org","Code","be7eeca8-efc4-4189-82a6-0d971f3c579f","Yes"
"Code_539","2023-12-15","C83309","http://www.cdisc.org","Code","73b5e468-c0a5-49a5-ad83-9d4fc6a1f21b","Laboratory Test Fasting Status"
"Code_540","2023-12-15","C64809","http://www.cdisc.org","Code","58b3abc2-2cd4-4b8a-a1e2-0aa6691c434a","SODIUM"
"Code_541","2023-12-15","C64849","http://www.cdisc.org","Code","704f3275-5edf-4bcb-84a6-05300a2af291","HBA1C"
"Code_542","2023-12-15","C36292","http://www.cdisc.org","Code","7e20573d-75f4-4f6f-b22f-dcbc8e90c099","Laboratory Test Result"
"Code_543","2023-12-15","C64783","http://www.cdisc.org","Code","5208faca-1325-4eda-a136-ba7f94b0a310","Gram per Deciliter"
"Code_544","2023-12-15","No Concept Code","http://www.cdisc.org","Code","b36b4402-5000-4764-93f8-6706ce067308","LBORRESU"
"Code_545","2023-12-15","C70713","http://www.cdisc.org","Code","0a5d07f4-0f3e-469c-bebe-5da5a70ef9a1","Biospecimen Type"
"Code_546","2023-12-15","C49487","http://www.cdisc.org","Code","87aa5b04-60fa-45e1-8168-7f2aae6e53e0","No"
"Code_547","2023-12-15","C49488","http://www.cdisc.org","Code","72b2eb53-06fe-40bb-a82b-86822355bfda","Yes"
"Code_548","2023-12-15","C83309","http://www.cdisc.org","Code","f61917c1-3ed6-486a-bbc7-30bb925e1b87","Laboratory Test Fasting Status"
"Code_549","2023-12-15","C64849","http://www.cdisc.org","Code","bec3e233-47f9-4603-974d-2047c8e38440","HBA1C"
"Code_145","2023-12-15","C78541","http://www.cdisc.org","Code","34dbb037-c15e-43c4-bf00-8bf422949432","Adverse Event Verbatim Description"
"Code_146","2023-12-15","C83344","http://www.cdisc.org","Code","ca9b2fc0-ea73-42ef-aa6b-713d47cfb82f","Adverse Event Dictionary Derived Term"
"Code_147","2023-12-15","C49487","http://www.cdisc.org","Code","61566ae2-9f74-452e-b018-1d9238efe3cf","No"
"Code_148","2023-12-15","C49488","http://www.cdisc.org","Code","c82c24de-9d9c-4ecd-b72d-c951b65ab6bd","Yes"
"Code_149","2023-12-15","C87840","http://www.cdisc.org","Code","ee367486-8dcb-49d4-adb3-37e48009d696","Adverse Event Pre-specified"
"Code_150","2023-12-15","C83205","http://www.cdisc.org","Code","a7cfa388-5176-4216-9c66-7a1d262e77b1","Adverse Event Location"
"Code_151","2023-12-15","C53253","http://www.cdisc.org","Code","cd762095-9478-450d-8748-9ceb3c8355ed","Severity of Adverse Event"
"Code_152","2023-12-15","C49487","http://www.cdisc.org","Code","54afa564-3eee-46cf-960f-3b5647108f8f","No"
"Code_153","2023-12-15","C49488","http://www.cdisc.org","Code","1feaa75c-c53f-4a90-b777-15966d599d18","Yes"
"Code_154","2023-12-15","C53252","http://www.cdisc.org","Code","5052bfba-1274-46eb-92dd-89b40b4f32d9","Seriousness of Adverse Event"
"Code_155","2023-12-15","C83013","http://www.cdisc.org","Code","294a2b4b-cbca-4715-9177-6f78e7b64c67","Adverse Event Action Taken with Study Treatment"
"Code_156","2023-12-15","C83109","http://www.cdisc.org","Code","b5d3bd81-454f-478f-8430-398ce6e19a7d","Other Actions taken in Response to Adverse Event"
"Code_157","2023-12-15","C41358","http://www.cdisc.org","Code","83ba1e91-2dca-4433-937f-881c479cf8bb","Adverse Event Attribution to Product or Procedure"
"Code_158","2023-12-15","C83210","http://www.cdisc.org","Code","0de955a6-05a2-4e0a-b42d-34f8eb308ed7","Adverse Event Relationship to Non Study Treatment"
"Code_159","2023-12-15","C83208","http://www.cdisc.org","Code","b8f0db9e-6358-4e97-a1bd-7e56accd690d","Adverse Event Pattern"
"Code_160","2023-12-15","C49489","http://www.cdisc.org","Code","dab6669d-ca47-4842-986a-eb59d3c569ca","Adverse Event Outcome"
"Code_161","2023-12-15","C49487","http://www.cdisc.org","Code","681653ef-249f-407d-b02d-e831c7002fa1","No"
"Code_162","2023-12-15","C49488","http://www.cdisc.org","Code","8729c3f6-8a4e-4ca2-8374-2a3afa8d8145","Yes"
"Code_163","2023-12-15","C83211","http://www.cdisc.org","Code","c2b6abab-2155-4662-8ccf-03d64aa2bbc2","Adverse Event Involves Cancer"
"Code_164","2023-12-15","C49487","http://www.cdisc.org","Code","5632e4bc-bcef-4c91-85c0-fbbd5f74afd9","No"
"Code_165","2023-12-15","C49488","http://www.cdisc.org","Code","cd692816-1903-4e0f-8664-e3a677a15c9a","Yes"
"Code_166","2023-12-15","C83117","http://www.cdisc.org","Code","45b75779-5f30-42d3-b73c-85da6d1f720d","Adverse Event Seriousness Due to Congenital Anomaly"
"Code_167","2023-12-15","C49487","http://www.cdisc.org","Code","32d5e9a4-fa57-4003-ab7e-8458ef481a61","No"
"Code_168","2023-12-15","C49488","http://www.cdisc.org","Code","2e7ba3e1-28c5-41b4-be41-901207b959a3","Yes"
"Code_169","2023-12-15","C113380","http://www.cdisc.org","Code","d5816f68-4271-48bf-9294-8d8ac01b4deb","Disabling Adverse Event"
"Code_170","2023-12-15","C49487","http://www.cdisc.org","Code","164a0cb6-c68a-4e36-b20a-a3c57fbcf646","No"
"Code_171","2023-12-15","C49488","http://www.cdisc.org","Code","91df7387-09b6-44db-a105-6aeb52ad5a91","Yes"
"Code_172","2023-12-15","C48275","http://www.cdisc.org","Code","89345411-1197-4564-aed2-abe58c18cc61","Death Related to Adverse Event"
"Code_173","2023-12-15","C49487","http://www.cdisc.org","Code","38fc286f-2e09-462e-9b34-fff42bb58f0a","No"
"Code_174","2023-12-15","C49488","http://www.cdisc.org","Code","56ae0b37-eb77-46f2-bc0f-dbea865b05cf","Yes"
"Code_175","2023-12-15","C83052","http://www.cdisc.org","Code","ce774b5d-0008-4995-ad0d-33d705d80085","Adverse Event associated with Hospitalization"
"Code_176","2023-12-15","C49487","http://www.cdisc.org","Code","05662c97-a015-492f-b545-960410a16328","No"
"Code_177","2023-12-15","C49488","http://www.cdisc.org","Code","d986a5dc-ce18-4eb4-9452-7ee857fe1a0d","Yes"
"Code_178","2023-12-15","C84266","http://www.cdisc.org","Code","90d139e1-6140-496f-b5b8-9a6d24471b8a","Life Threatening Adverse Event"
"Code_179","2023-12-15","C49487","http://www.cdisc.org","Code","202bc3a5-8e67-458a-b123-11c5552dc075","No"
"Code_180","2023-12-15","C49488","http://www.cdisc.org","Code","e39f999c-5f08-4c7f-b50a-496914508eb8","Yes"
"Code_181","2023-12-15","C83214","http://www.cdisc.org","Code","b2a769d4-0e25-49f0-900f-48f0d0c971c3","Adverse Event Occurred with Overdose"
"Code_182","2023-12-15","C49487","http://www.cdisc.org","Code","c7338630-b416-4b88-be74-289928fd4b2d","No"
"Code_183","2023-12-15","C49488","http://www.cdisc.org","Code","d2eaf36b-2bf8-48de-a074-5f02afe4716c","Yes"
"Code_184","2023-12-15","C83053","http://www.cdisc.org","Code","f68a6514-a6fd-4ae6-a70d-187ef86dabd3","Adverse Event Associated with Serious Medical Event"
"Code_185","2023-12-15","C49487","http://www.cdisc.org","Code","3df46b63-21eb-4dcd-8f62-d566792b83e4","No"
"Code_186","2023-12-15","C49488","http://www.cdisc.org","Code","8a17447e-1c92-4a3c-953a-a0983c7f1c51","Yes"
"Code_187","2023-12-15","C83199","http://www.cdisc.org","Code","6eff7d9d-8e53-4335-ac5a-d0e7ba24df01","Adverse Event Concomitant Treatment"
"Code_188","2023-12-15","C83215","http://www.cdisc.org","Code","e4b55d35-49f1-4aad-95f9-80d5d25a3d1b","Adverse Event Start Date Time"
"Code_189","2023-12-15","C83201","http://www.cdisc.org","Code","3cfc838a-465e-415f-9490-92bf5e8fc8e7","Adverse Event End Date Time"
"Code_190","2023-12-15","C179175","http://www.cdisc.org","Code","de198f26-fbdc-45a9-a269-9ea1d2ab993a","Solicited Adverse Event"
"Code_191","2023-12-15","C25298","http://www.cdisc.org","Code","af19e3c3-612d-4d8a-85b8-56b1555e2235","SYSBP"
"Code_192","2023-12-15","C77140","http://www.cdisc.org","Code","ca6e22ce-ab7a-4516-b577-82db5b02d63a","Clinical Test Result"
"Code_193","2023-12-15","C49669","http://www.cdisc.org","Code","d90484ae-c1a5-4b4b-b2f1-784d15726b7a","Unit of Pressure"
"Code_194","2023-12-15","C62122","http://www.cdisc.org","Code","498ab3cc-e69e-452b-a6b4-12745ba7ff45","Sitting"
"Code_195","2023-12-15","C62166","http://www.cdisc.org","Code","dea3c48d-81f8-457f-b6bd-946413d34086","Standing"
"Code_196","2023-12-15","C62167","http://www.cdisc.org","Code","076ae80a-d942-4761-a44e-f958ae8af821","Supine Position"
"Code_197","2023-12-15","C62164","http://www.cdisc.org","Code","f6de7bfc-ca1f-44d1-823c-fc6a93874ae5","Body Position"
"Code_198","2023-12-15","C12681","http://www.cdisc.org","Code","8ec18501-8cfb-47b7-a6f7-85f7bf29e95d","Brachial Artery"
"Code_199","2023-12-15","C12687","http://www.cdisc.org","Code","67b26766-bd52-4dfb-80db-984c81f02c6d","Common Carotid Artery"
"Code_200","2023-12-15","C32478","http://www.cdisc.org","Code","79eb2151-e396-4da8-a680-56a90be9a30e","Dorsalis Pedis Artery"
"Code_201","2023-12-15","C12715","http://www.cdisc.org","Code","e0ac4a9a-6343-4c6d-a61b-e6d7ac49285d","Femoral Artery"
"Code_202","2023-12-15","C12838","http://www.cdisc.org","Code","c7a2a9bc-8cf8-4999-a8ac-8762eff160d8","Radial Artery"
"Code_203","2023-12-15","C13717","http://www.cdisc.org","Code","6823b03b-9956-4fdb-a60f-df3ba30b8746","Anatomic Site"
"Code_204","2023-12-15","C25229","http://www.cdisc.org","Code","f9b1e512-31ef-4974-b0cf-9448634177ec","Left"
"Code_205","2023-12-15","C25228","http://www.cdisc.org","Code","bfa02e02-ab40-4812-9701-bd320736e4f6","Right"
"Code_206","2023-12-15","C25185","http://www.cdisc.org","Code","481d045b-61a0-48b4-af26-2c095345f6ee","Laterality"
"Code_207","2023-12-15","C25298","http://www.cdisc.org","Code","39013ece-0ed5-471d-97ff-dcbbde2a5e8a","SYSBP"
"Code_208","2023-12-15","C25299","http://www.cdisc.org","Code","a99a186f-c97c-4a8f-bb9a-6e379c1d8083","DIABP"
"Code_209","2023-12-15","C77140","http://www.cdisc.org","Code","2abbb593-fee4-4fed-99c4-62acce5d1803","Clinical Test Result"
"Code_210","2023-12-15","C49669","http://www.cdisc.org","Code","9da72685-b6db-437e-9064-9aea213a96bd","Unit of Pressure"
"Code_211","2023-12-15","C62122","http://www.cdisc.org","Code","d99c3704-022f-4ad6-8534-9e848cb7c4ee","Sitting"
"Code_212","2023-12-15","C62166","http://www.cdisc.org","Code","6442d12c-94a4-4fab-a517-656b487b72b3","Standing"
"Code_213","2023-12-15","C62167","http://www.cdisc.org","Code","855d24f0-135e-42f5-9e93-8b67040573f6","Supine Position"
"Code_214","2023-12-15","C62164","http://www.cdisc.org","Code","fa322833-4ebe-4841-b935-e9c045f92e7d","Body Position"
"Code_215","2023-12-15","C12681","http://www.cdisc.org","Code","dfdd878c-0ccc-449b-9df5-85054edc7f3f","Brachial Artery"
"Code_216","2023-12-15","C12687","http://www.cdisc.org","Code","17944394-fd6f-41e8-bc00-8933b24ceddc","Common Carotid Artery"
"Code_217","2023-12-15","C32478","http://www.cdisc.org","Code","d6653c71-a150-40a1-a532-e323c3689c00","Dorsalis Pedis Artery"
"Code_218","2023-12-15","C12715","http://www.cdisc.org","Code","fba94b42-e4a8-464e-82ab-d290b3ad3b61","Femoral Artery"
"Code_219","2023-12-15","C12838","http://www.cdisc.org","Code","9e69b53d-40e2-4158-bce9-a2f1ccb06e5a","Radial Artery"
"Code_220","2023-12-15","C13717","http://www.cdisc.org","Code","9793e7ba-f9c2-454c-a142-233f6d2f5582","Anatomic Site"
"Code_221","2023-12-15","C25229","http://www.cdisc.org","Code","c62746da-1f25-40a0-b320-b441b53fcdc6","Left"
"Code_222","2023-12-15","C25228","http://www.cdisc.org","Code","2992c344-2da1-4a8c-9d35-1bdb6404b553","Right"
"Code_223","2023-12-15","C25185","http://www.cdisc.org","Code","b61de01a-2d1b-46c5-a3a6-35fc1f20826b","Laterality"
"Code_224","2023-12-15","C25299","http://www.cdisc.org","Code","6e04c17f-c673-4644-b5c9-1440a43be15a","DIABP"
"Code_225","2023-12-15","C174446","http://www.cdisc.org","Code","4574b2c6-d36c-4e45-b38d-ce576c3194f3","TEMP"
"Code_226","2023-12-15","C77140","http://www.cdisc.org","Code","ce97983d-05a7-479a-989b-aeadc2e721dd","Clinical Test Result"
"Code_227","2023-12-15","C42559","http://www.cdisc.org","Code","dc484e83-878d-4ea9-8503-931b6a99e357","Degree Celsius"
"Code_228","2023-12-15","C44277","http://www.cdisc.org","Code","e92e1cfc-a3f9-4b8d-96d3-a24e88eafa5c","Degree Fahrenheit"
"Code_229","2023-12-15","C42537","http://www.cdisc.org","Code","b39b49d0-c826-4c8d-9c3a-fbccf564c6af","Kelvin"
"Code_230","2023-12-15","C44276","http://www.cdisc.org","Code","bd3ab432-e38d-461f-a7b6-22268f95efa9","Unit of Temperature"
"Code_231","2023-12-15","C12674","http://www.cdisc.org","Code","4e3b4044-7e3c-4fb6-ab88-e3612e707061","Axilla"
"Code_232","2023-12-15","C12394","http://www.cdisc.org","Code","b51de823-e3fc-48fa-ba71-b59bd86e4245","Ear"
"Code_233","2023-12-15","C89803","http://www.cdisc.org","Code","f11f42a3-5841-426f-879a-d052c92bba49","Forehead"
"Code_234","2023-12-15","C12421","http://www.cdisc.org","Code","107fb520-f0b6-40e0-99f0-4962966f6cd4","Oral Cavity"
"Code_235","2023-12-15","C12390","http://www.cdisc.org","Code","80ccfafc-8322-4454-ba80-916ce4de5427","Rectum"
"Code_236","2023-12-15","C13717","http://www.cdisc.org","Code","0ff33540-1afd-48fc-84a7-5d82e26b8a8d","Anatomic Site"
"Code_237","2023-12-15","C174446","http://www.cdisc.org","Code","3f417895-3327-4018-b4cb-f139dde84bb3","TEMP"
"Code_238","2023-12-15","C25208","http://www.cdisc.org","Code","b221cc88-18bb-46a4-ad2c-0b5a3b1745d6","WEIGHT"
"Code_239","2023-12-15","C77140","http://www.cdisc.org","Code","3ef56f2b-9aad-4b8f-96db-87b05f5206fb","Clinical Test Result"
"Code_240","2023-12-15","C48531","http://www.cdisc.org","Code","cc02139a-d25d-4ab4-9289-8a4f8dfe9a37","Pound"
"Code_241","2023-12-15","C48155","http://www.cdisc.org","Code","19811e24-5daa-41c3-9c7a-fcbe2237fb8a","Gram"
"Code_242","2023-12-15","C28252","http://www.cdisc.org","Code","8452b7ef-83ff-41f1-ab65-83d336dea46c","Kilogram"
"Code_243","2023-12-15","C48208","http://www.cdisc.org","Code","aad6f21f-545a-4c12-9e36-b3f75155badb","Unit of Weight"
"Code_244","2023-12-15","C25208","http://www.cdisc.org","Code","379410ad-42fb-4a41-bc58-0dd7166bfa1e","WEIGHT"
"Code_245","2023-12-15","C25347","http://www.cdisc.org","Code","d9291847-8608-41b1-848e-90b7ec4d49fc","HEIGHT"
"Code_246","2023-12-15","C77140","http://www.cdisc.org","Code","7a7873a8-042e-4d1d-bf05-4e357f19624a","Clinical Test Result"
"Code_247","2023-12-15","C49668","http://www.cdisc.org","Code","01b4da5f-1942-4f79-b3be-c86b5aaedea1","Centimeter"
"Code_248","2023-12-15","C48500","http://www.cdisc.org","Code","9f50b5b0-fca3-4e94-b55e-1a46485a7f1e","Inch"
"Code_249","2023-12-15","C41139","http://www.cdisc.org","Code","9ba03300-58d6-4694-8462-91ac17e50193","Meter"
"Code_250","2023-12-15","C168688","http://www.cdisc.org","Code","f27f4d5a-4504-46c6-9b65-d697313943a9","Unit of Height"
"Code_251","2023-12-15","C25347","http://www.cdisc.org","Code","c059c7b1-6d6a-40cb-97cb-b467ba67b0f1","HEIGHT"
"Code_252","2023-12-15","C64433","http://www.cdisc.org","Code","20d6e8e0-4266-42cd-a77f-ca4ea12b48ee","ALT"
"Code_253","2023-12-15","C36292","http://www.cdisc.org","Code","258efb3b-251f-4065-a54c-2c0ccc92528f","Laboratory Test Result"
"Code_254","2023-12-15","C67456","http://www.cdisc.org","Code","9cc98107-3717-4c73-848f-0bfcc3fdf1de","Unit per Liter"
"Code_255","2023-12-15","C67397","http://www.cdisc.org","Code","f29cff95-baef-43b8-99fc-21b1a3e055d8","Microkatal per Liter"
"Code_256","2023-12-15","C67376","http://www.cdisc.org","Code","fef92f4f-d071-4a04-99bd-4dfc67513fcb","International Unit per Liter"
"Code_257","2023-12-15","C70510","http://www.cdisc.org","Code","0881acfe-a4ad-4d93-8ad6-1e35cd191795","Nanokatal per Liter"
"Code_258","2023-12-15","C67365","http://www.cdisc.org","Code","3d442f54-0e8c-48eb-913f-1064fe4d825b","Unit of Catalytic Activity Concentration"
"Code_259","2023-12-15","C70713","http://www.cdisc.org","Code","6a021bf1-47ac-4f0f-9a3e-45300cd3ff5f","Biospecimen Type"
"Code_260","2023-12-15","C49487","http://www.cdisc.org","Code","01643bc9-a5d1-4d80-9057-ffd65d0f8e7b","No"
"Code_261","2023-12-15","C49488","http://www.cdisc.org","Code","7181e8df-2b1d-4a57-a805-99423f4cee1d","Yes"
"Code_262","2023-12-15","C83309","http://www.cdisc.org","Code","baf85e03-6c00-4db4-a341-7d93fee416f7","Laboratory Test Fasting Status"
"Code_263","2023-12-15","C64433","http://www.cdisc.org","Code","ebce547d-23f1-433b-a4d5-31a877f4327e","ALT"
"Code_264","2023-12-15","C64431","http://www.cdisc.org","Code","911c9d82-16c0-47ea-ba85-ea89216d4270","ALB"
"Code_265","2023-12-15","C36292","http://www.cdisc.org","Code","213d012a-afd6-4adf-a0bf-a91a532da3b0","Laboratory Test Result"
"Code_266","2023-12-15","C70713","http://www.cdisc.org","Code","e057a1b0-b363-4524-beb8-4f1038028d6a","Biospecimen Type"
"Code_267","2023-12-15","C49487","http://www.cdisc.org","Code","07844687-9017-4aa3-98d1-a7f9eb910ad8","No"
"Code_268","2023-12-15","C49488","http://www.cdisc.org","Code","8bed72fc-bd5f-4148-bfa6-710fdecf4f5a","Yes"
"Code_269","2023-12-15","C83309","http://www.cdisc.org","Code","11579756-07eb-4e7e-9424-86ab01e17ad5","Laboratory Test Fasting Status"
"Code_270","2023-12-15","C64431","http://www.cdisc.org","Code","7e1fdda6-b225-4614-acc2-648240fd4d50","ALB"
"Code_271","2023-12-15","C64432","http://www.cdisc.org","Code","a187e79f-784e-4bc8-bd31-1e27bac85698","ALP"
"Code_272","2023-12-15","C36292","http://www.cdisc.org","Code","b54b1fa7-5c4e-4ee0-b800-44c3aa0a6637","Laboratory Test Result"
"Code_273","2023-12-15","C67456","http://www.cdisc.org","Code","d4c48346-6243-4515-a1e2-417336e49af0","Unit per Liter"
"Code_274","2023-12-15","C67397","http://www.cdisc.org","Code","8d03a65b-bcb5-4069-b848-9ba724c27bfd","Microkatal per Liter"
"Code_275","2023-12-15","C67376","http://www.cdisc.org","Code","66769b4c-f27f-47ae-8bec-74cb92d86a22","International Unit per Liter"
"Code_276","2023-12-15","C67365","http://www.cdisc.org","Code","e1fc773c-45bb-4374-aafd-a0fe26ce5c09","Unit of Catalytic Activity Concentration"
"Code_277","2023-12-15","C70713","http://www.cdisc.org","Code","a2fa1c47-b43d-42ec-bd91-6b5ccbf34ed6","Biospecimen Type"
"Code_278","2023-12-15","C49487","http://www.cdisc.org","Code","ff77acff-735d-46b6-9735-2047d5677ae3","No"
"Code_279","2023-12-15","C49488","http://www.cdisc.org","Code","cc43d084-8401-4bce-86ea-bbb30fa7f2de","Yes"
"Code_280","2023-12-15","C83309","http://www.cdisc.org","Code","1ae2f59c-b214-44b1-bc5f-550f0e3e4fe9","Laboratory Test Fasting Status"
"Code_281","2023-12-15","C64432","http://www.cdisc.org","Code","6e08f19d-7996-4f0a-9bd0-353e9fdcdc49","ALP"
"Code_282","2023-12-15","C64467","http://www.cdisc.org","Code","1996fce0-c0f6-4209-8cc6-281e1dee41d7","AST"
"Code_283","2023-12-15","C36292","http://www.cdisc.org","Code","2325942b-2ee5-4a43-8dd1-3e8f60c71650","Laboratory Test Result"
"Code_284","2023-12-15","C67456","http://www.cdisc.org","Code","44c73dbb-a146-4e7c-bde7-ea2c4efb7f50","Unit per Liter"
"Code_285","2023-12-15","C67397","http://www.cdisc.org","Code","1b8dbbc4-4c9b-40b6-bfa0-bacc40e4cd83","Microkatal per Liter"
"Code_286","2023-12-15","C67376","http://www.cdisc.org","Code","5481cab1-b124-4020-b5cb-d4b842656532","International Unit per Liter"
"Code_287","2023-12-15","C67365","http://www.cdisc.org","Code","46fdcb15-a117-4660-b009-ea1533f6772c","Unit of Catalytic Activity Concentration"
"Code_288","2023-12-15","C70713","http://www.cdisc.org","Code","01454891-a3de-413b-9fe3-03b0dc38dba9","Biospecimen Type"
"Code_289","2023-12-15","C49487","http://www.cdisc.org","Code","fc58058c-7bf8-4823-9ef8-e77882e4824a","No"
"Code_290","2023-12-15","C49488","http://www.cdisc.org","Code","3ed1ce0e-d0ed-4fb4-b396-6f0a98ec57f9","Yes"
"Code_291","2023-12-15","C83309","http://www.cdisc.org","Code","55f4dbee-f926-48aa-94fb-3138afed1b78","Laboratory Test Fasting Status"
"Code_292","2023-12-15","C64467","http://www.cdisc.org","Code","63516107-14ec-47c2-8b7e-ce77aa9774bc","AST"
"Code_293","2023-12-15","C64547","http://www.cdisc.org","Code","8e7e0627-9af3-41b5-87d9-b38cf33e0576","CREAT"
"Code_294","2023-12-15","C36292","http://www.cdisc.org","Code","43c953b8-002e-4f84-97bc-ed182e21ed3b","Laboratory Test Result"
"Code_295","2023-12-15","C67015","http://www.cdisc.org","Code","7b52b9e7-6582-4337-a3b6-a47e05d225ba","Milligram per Deciliter"
"Code_296","2023-12-15","C64572","http://www.cdisc.org","Code","6dc5ac6c-df35-4e53-a21f-271f39d24aba","Microgram per Milliliter"
"Code_297","2023-12-15","C64387","http://www.cdisc.org","Code","5738d37e-c791-49a8-91c1-19c9f049396d","Millimole per Liter"
"Code_298","2023-12-15","C48508","http://www.cdisc.org","Code","73df9d9d-846b-4d7c-b287-bee419a1f940","Micromole per Liter"
"Code_299","2023-12-15","C48207","http://www.cdisc.org","Code","8c7ea21e-2f04-48aa-994e-bb7f01bf7de9","Unit of Concentration"
"Code_300","2023-12-15","C70713","http://www.cdisc.org","Code","3eaeb598-ea27-4ecf-8f2c-8c0946e4ebe7","Biospecimen Type"
"Code_301","2023-12-15","C49487","http://www.cdisc.org","Code","62557329-78df-40a5-af6e-06df30ea2e57","No"
"Code_302","2023-12-15","C49488","http://www.cdisc.org","Code","f5c2cf0d-802b-4a58-99f6-2725c062ed53","Yes"
"Code_303","2023-12-15","C83309","http://www.cdisc.org","Code","067a4e94-6365-49b0-b7f7-1fdd263eb012","Laboratory Test Fasting Status"
"Code_304","2023-12-15","C64547","http://www.cdisc.org","Code","33e3676f-3527-494b-a1d8-f35528ce7e80","CREAT"
"Code_305","2023-12-15","C64853","http://www.cdisc.org","Code","2c3cb1e8-96e3-4b70-b4a3-92a0c2012eab","K"
"Code_306","2023-12-15","C36292","http://www.cdisc.org","Code","1697ee2a-4132-4bfd-9a98-96e491d3b90a","Laboratory Test Result"
"Code_307","2023-12-15","C67474","http://www.cdisc.org","Code","edf8a8fe-a1ad-4a25-a956-6d4cfbccf391","Milliequivalent per Liter"
"Code_308","2023-12-15","C67473","http://www.cdisc.org","Code","6b9adf10-8dea-4fdd-876d-d3df450fdae6","Milliequivalent per Deciliter"
"Code_309","2023-12-15","C64387","http://www.cdisc.org","Code","4c917e2a-9506-402b-82c9-ac6320b45f12","Millimole per Liter"
"Code_310","2023-12-15","C64567","http://www.cdisc.org","Code","e4f92581-7cc9-4f1d-80ab-71bd4f723d6e","Molarity Unit"
"Code_311","2023-12-15","C70713","http://www.cdisc.org","Code","bfd7198f-202d-4636-a2d2-ff5f99ce0d9e","Biospecimen Type"
"Code_312","2023-12-15","C49487","http://www.cdisc.org","Code","45a59dd5-5d6c-4473-841e-f409df3e53f3","No"
"Code_313","2023-12-15","C49488","http://www.cdisc.org","Code","28d9a539-5ba6-47cc-8616-994b01436e1b","Yes"
"Code_314","2023-12-15","C83309","http://www.cdisc.org","Code","7714ee3d-9006-4f49-a49d-5d0041dcfa9e","Laboratory Test Fasting Status"
"Code_315","2023-12-15","C64853","http://www.cdisc.org","Code","011e2bc8-a071-47a0-9d36-fb24c5970def","K"
"Code_316","2023-12-15","C64809","http://www.cdisc.org","Code","3a2f0f70-905d-43d8-a6ca-f887ea5cb213","SODIUM"
"Code_317","2023-12-15","C36292","http://www.cdisc.org","Code","f895bd4e-b769-4fb2-89a2-b0ac0fbc8710","Laboratory Test Result"
"Code_318","2023-12-15","C67474","http://www.cdisc.org","Code","12cf1551-7d8e-4ccf-b8cf-b948c4204dca","Milliequivalent per Liter"
"Code_319","2023-12-15","C67473","http://www.cdisc.org","Code","f1979809-2916-4a52-b955-3b0174645048","Milliequivalent per Deciliter"
"Code_320","2023-12-15","C64387","http://www.cdisc.org","Code","d2e0f393-fa6f-40e0-bdfc-68f4a4f6cdf8","Millimole per Liter"
"Code_321","2023-12-15","C64567","http://www.cdisc.org","Code","13ca17c0-f7d0-4de0-a026-d9364e360482","Molarity Unit"
"Code_322","2023-12-15","C70713","http://www.cdisc.org","Code","8c93ad92-cd20-4b5b-8f9c-6381ea001547","Biospecimen Type"
"Code_323","2023-12-15","C49487","http://www.cdisc.org","Code","a55adec8-e4cd-466b-b0e9-2bd4b985bd84","No"
"Code_324","2023-12-15","C49488","http://www.cdisc.org","Code","e9df12da-4200-4d29-bd09-1690ffdfcad7","Yes"
"Code_325","2023-12-15","C83309","http://www.cdisc.org","Code","82c80ba4-f11b-4203-ae18-a23ac40e0e72","Laboratory Test Fasting Status"
"Code_326","2023-12-15","C64809","http://www.cdisc.org","Code","cad3c928-9795-4ea1-b84b-05504b7ff860","SODIUM"
"Code_327","2023-12-15","C25298","http://www.cdisc.org","Code","940a1d24-4c13-4e22-a47c-fb0429de90b2","SYSBP"
"Code_328","2023-12-15","C77140","http://www.cdisc.org","Code","9367f221-67e5-4f71-b59f-89754bc14b5c","Clinical Test Result"
"Code_329","2023-12-15","C49669","http://www.cdisc.org","Code","b495b840-3215-4e4f-9f5c-f6bbc6442e07","Unit of Pressure"
"Code_330","2023-12-15","C62122","http://www.cdisc.org","Code","5194f017-50f8-4dab-8575-c48762dc3399","Sitting"
"Code_331","2023-12-15","C62166","http://www.cdisc.org","Code","091a1e9c-d5d1-445c-a44c-2bdd3774f21f","Standing"
"Code_332","2023-12-15","C62167","http://www.cdisc.org","Code","77718bbe-316c-4e02-b9cc-cddce0c8790b","Supine Position"
"Code_333","2023-12-15","C62164","http://www.cdisc.org","Code","7c6fd71b-a5bd-489e-80f9-ffd48b4c2095","Body Position"
"Code_334","2023-12-15","C12681","http://www.cdisc.org","Code","70b0cf6e-a569-4cb3-8282-983f45e54046","Brachial Artery"
"Code_335","2023-12-15","C12687","http://www.cdisc.org","Code","8aa058cc-1546-40b8-93c7-32fb882c3699","Common Carotid Artery"
"Code_336","2023-12-15","C32478","http://www.cdisc.org","Code","1e51696e-d889-4b7f-90bd-9c6d390b1171","Dorsalis Pedis Artery"
"Code_337","2023-12-15","C12715","http://www.cdisc.org","Code","18a02422-e370-4199-9599-67887e1a00be","Femoral Artery"
"Code_338","2023-12-15","C12838","http://www.cdisc.org","Code","38c3dacd-9ef0-4a94-8481-96776fd37841","Radial Artery"
"Code_339","2023-12-15","C13717","http://www.cdisc.org","Code","902b1217-2dc4-431d-90cf-f0903c360986","Anatomic Site"
"Code_340","2023-12-15","C25229","http://www.cdisc.org","Code","37e9a49a-f0d6-44d3-9126-a5094a02724b","Left"
"Code_341","2023-12-15","C25228","http://www.cdisc.org","Code","4786b29d-fa3d-4d49-ba48-7bc939e584b4","Right"
"Code_342","2023-12-15","C25185","http://www.cdisc.org","Code","b45c7169-ade9-4a0c-9f19-81c3f8634af1","Laterality"
"Code_343","2023-12-15","C25298","http://www.cdisc.org","Code","45885861-cdd6-45d8-963c-0aa02189a911","SYSBP"
"Code_344","2023-12-15","C25299","http://www.cdisc.org","Code","84109473-cd74-42eb-9a17-de8e5733229e","DIABP"
"Code_345","2023-12-15","C77140","http://www.cdisc.org","Code","2086439d-de09-4d31-b76c-e91bd6b15b92","Clinical Test Result"
"Code_346","2023-12-15","C49669","http://www.cdisc.org","Code","d864b92b-0e3a-4053-a8e9-5f80a4d35b98","Unit of Pressure"
"Code_347","2023-12-15","C62122","http://www.cdisc.org","Code","86e3f5ee-a8ce-4351-898a-d383256c045d","Sitting"
"Code_348","2023-12-15","C62166","http://www.cdisc.org","Code","6a71bf42-79e9-407f-99be-dec23c977079","Standing"
"Code_349","2023-12-15","C62167","http://www.cdisc.org","Code","9e890754-fe9d-44a0-ad89-45e88cd188d8","Supine Position"
"Code_350","2023-12-15","C62164","http://www.cdisc.org","Code","ecbf246b-3979-4346-8c15-2ab9d4499549","Body Position"
"Code_351","2023-12-15","C12681","http://www.cdisc.org","Code","a8e13b4a-5e1e-4b95-b255-fd3d318c9f25","Brachial Artery"
"Code_352","2023-12-15","C12687","http://www.cdisc.org","Code","31614eac-1055-47b9-ad56-611948150f85","Common Carotid Artery"
"Code_353","2023-12-15","C32478","http://www.cdisc.org","Code","a375583b-16c4-4b2c-89bc-4e3288990ed4","Dorsalis Pedis Artery"
"Code_354","2023-12-15","C12715","http://www.cdisc.org","Code","38c458ff-3731-42b8-a357-96618fc16d35","Femoral Artery"
"Code_355","2023-12-15","C12838","http://www.cdisc.org","Code","7732746b-b47b-4aa9-bbb8-a5f55edcc570","Radial Artery"
"Code_356","2023-12-15","C13717","http://www.cdisc.org","Code","8f12ef51-976a-4a3a-b5fe-6155c7c79a9e","Anatomic Site"
"Code_357","2023-12-15","C25229","http://www.cdisc.org","Code","c5b8bd78-9edf-4bec-ab46-b07885770f27","Left"
"Code_358","2023-12-15","C25228","http://www.cdisc.org","Code","ffc89278-5d41-42ec-a734-26600b544ea3","Right"
"Code_359","2023-12-15","C25185","http://www.cdisc.org","Code","2f110ef1-b0d9-40e8-8b88-6095a10ee15a","Laterality"
"Code_360","2023-12-15","C25299","http://www.cdisc.org","Code","0fc43a1a-c3fe-4511-a902-3384cb9f16a7","DIABP"
"Code_361","2023-12-15","C49677","http://www.cdisc.org","Code","18559c5c-3db2-4df8-a23c-6b75bfcfad20","HR"
"Code_362","2023-12-15","C77140","http://www.cdisc.org","Code","1967b8e5-43be-477c-aa65-19f57c3e0fd8","Clinical Test Result"
"Code_363","2023-12-15","C73688","http://www.cdisc.org","Code","c20c78ae-20f1-4cc4-b39b-c109feeceaf2","Count per Minute"
"Code_364","2023-12-15","C62122","http://www.cdisc.org","Code","79464c08-b8ec-483a-9ac3-e93050f17a50","Sitting"
"Code_365","2023-12-15","C62166","http://www.cdisc.org","Code","698372a8-5802-4f81-9adb-103ca9c61336","Standing"
"Code_366","2023-12-15","C62167","http://www.cdisc.org","Code","d48db889-d5e6-4ee2-b72a-76c2adf907cd","Supine Position"
"Code_367","2023-12-15","C62164","http://www.cdisc.org","Code","a6e276d0-553a-41b6-90b5-b17bb6925a3d","Body Position"
"Code_368","2023-12-15","C12681","http://www.cdisc.org","Code","0b941036-fc68-496e-87d1-4f4c59655bc7","Brachial Artery"
"Code_369","2023-12-15","C12687","http://www.cdisc.org","Code","b09b8998-905a-4426-9ab1-51f1c44133cf","Common Carotid Artery"
"Code_370","2023-12-15","C32478","http://www.cdisc.org","Code","03418bd6-0b6c-430d-bf2a-f4095dabdecd","Dorsalis Pedis Artery"
"Code_371","2023-12-15","C12715","http://www.cdisc.org","Code","8024ce2d-7819-4929-9c29-f0675569731d","Femoral Artery"
"Code_372","2023-12-15","C12838","http://www.cdisc.org","Code","963a6003-97ed-455f-a105-bd7177cd1572","Radial Artery"
"Code_373","2023-12-15","C13717","http://www.cdisc.org","Code","8ff4931c-260a-46b0-8a6f-aea1bef64fa9","Anatomic Site"
"Code_374","2023-12-15","C25229","http://www.cdisc.org","Code","f4258b8f-c2e2-4578-8039-ca67c89fecfc","Left"
"Code_375","2023-12-15","C25228","http://www.cdisc.org","Code","47e86867-c3b4-425e-854d-17cbd519af81","Right"
"Code_376","2023-12-15","C25185","http://www.cdisc.org","Code","67bca3a0-f950-48e9-adaa-53d4cce26459","Laterality"
"Code_377","2023-12-15","C49677","http://www.cdisc.org","Code","d33dd32b-daa1-4f41-b1aa-8f27e4431076","HR"
"Code_378","2023-12-15","C25298","http://www.cdisc.org","Code","c13a5d4f-a156-44c2-b5a8-99dc643f0014","SYSBP"
"Code_379","2023-12-15","C77140","http://www.cdisc.org","Code","1e24d41a-6fbb-4181-bb9c-c2c6b6cf1a7a","Clinical Test Result"
"Code_380","2023-12-15","C49669","http://www.cdisc.org","Code","b54985da-d33f-48fd-aba5-7855a3fd4de5","Unit of Pressure"
"Code_381","2023-12-15","C62122","http://www.cdisc.org","Code","d6384490-4735-440a-abb6-206a3ec49ee0","Sitting"
"Code_382","2023-12-15","C62166","http://www.cdisc.org","Code","6957d326-7348-459b-babf-a78e8e260838","Standing"
"Code_383","2023-12-15","C62167","http://www.cdisc.org","Code","2924b189-1ad1-4816-aa61-a7c01abc4283","Supine Position"
"Code_384","2023-12-15","C62164","http://www.cdisc.org","Code","4a1cd2af-ae47-4273-a534-93dd463f457c","Body Position"
"Code_385","2023-12-15","C12681","http://www.cdisc.org","Code","3744d789-7cf5-4c45-9d9d-7d72d08a441a","Brachial Artery"
"Code_386","2023-12-15","C12687","http://www.cdisc.org","Code","8459e5b2-f85a-45b2-9ae3-6580285f1d89","Common Carotid Artery"
"Code_387","2023-12-15","C32478","http://www.cdisc.org","Code","bcbb37ca-6253-4d74-b6c8-df36bd9b51d6","Dorsalis Pedis Artery"
"Code_388","2023-12-15","C12715","http://www.cdisc.org","Code","3b199865-9790-468f-beb7-5535b6b9bcc4","Femoral Artery"
"Code_389","2023-12-15","C12838","http://www.cdisc.org","Code","5a405676-28f7-4064-92ff-c236a299b997","Radial Artery"
"Code_390","2023-12-15","C13717","http://www.cdisc.org","Code","de1ef42c-ac9d-4493-ac87-c9f071a1b84d","Anatomic Site"
"Code_391","2023-12-15","C25229","http://www.cdisc.org","Code","3d734296-4745-46f3-a996-ce03f13246b7","Left"
"Code_392","2023-12-15","C25228","http://www.cdisc.org","Code","53c59b3b-24b8-4343-88bc-b30aa5926e95","Right"
"Code_393","2023-12-15","C25185","http://www.cdisc.org","Code","9882526b-c1b3-41ba-9101-053e6f01e7cc","Laterality"
"Code_394","2023-12-15","C25298","http://www.cdisc.org","Code","f219f461-1b76-4f90-9705-960de29d9b78","SYSBP"
"Code_395","2023-12-15","C25299","http://www.cdisc.org","Code","d148928a-d402-4583-9b09-805a738aa991","DIABP"
"Code_396","2023-12-15","C77140","http://www.cdisc.org","Code","4e5b403f-a177-4270-bc25-89667657b0d2","Clinical Test Result"
"Code_397","2023-12-15","C49669","http://www.cdisc.org","Code","4cde29b8-8f97-4ad6-88b4-08a4daf5f2de","Unit of Pressure"
"Code_398","2023-12-15","C62122","http://www.cdisc.org","Code","91f9aa9b-e8ac-49b5-a45f-132606127cc6","Sitting"
"Code_399","2023-12-15","C62166","http://www.cdisc.org","Code","7ca9fefe-0561-44da-8372-94a4cbb5a5f3","Standing"
"Code_400","2023-12-15","C62167","http://www.cdisc.org","Code","187c0d08-9b39-402b-98e0-349e3182958d","Supine Position"
"Code_401","2023-12-15","C62164","http://www.cdisc.org","Code","99af4b16-8273-438b-8f70-6b8e939aa424","Body Position"
"Code_402","2023-12-15","C12681","http://www.cdisc.org","Code","f3474431-79bf-4e71-abfb-c51638445da5","Brachial Artery"
"Code_403","2023-12-15","C12687","http://www.cdisc.org","Code","5a1621e0-ca56-4f17-a90f-bc227f60e855","Common Carotid Artery"
"Code_404","2023-12-15","C32478","http://www.cdisc.org","Code","7899abcb-8bed-4c3b-b717-b584e9899776","Dorsalis Pedis Artery"
"Code_405","2023-12-15","C12715","http://www.cdisc.org","Code","df7693b7-716d-496b-9c47-872d5b622337","Femoral Artery"
"Code_406","2023-12-15","C12838","http://www.cdisc.org","Code","8833b122-3cbe-4796-9413-7b2b1e250e85","Radial Artery"
"Code_407","2023-12-15","C13717","http://www.cdisc.org","Code","0e6a2726-a814-4091-84a8-492c5ab53550","Anatomic Site"
"Code_408","2023-12-15","C25229","http://www.cdisc.org","Code","27fb222a-1102-4b1f-8a45-83c568a74204","Left"
"Code_409","2023-12-15","C25228","http://www.cdisc.org","Code","ccd63bb5-d17b-4ecb-979b-8a384cd3ab65","Right"
"Code_410","2023-12-15","C25185","http://www.cdisc.org","Code","96c49b2a-0546-4bcd-a65b-53133ac35186","Laterality"
"Code_411","2023-12-15","C25299","http://www.cdisc.org","Code","a92e9673-81be-402d-9490-5c65b0f8e764","DIABP"
"Code_412","2023-12-15","C49677","http://www.cdisc.org","Code","7ec0d4aa-baa9-4944-8cb9-75ad4e1a4430","HR"
"Code_413","2023-12-15","C77140","http://www.cdisc.org","Code","25922da3-0d11-4495-82b1-2a7b7efcb128","Clinical Test Result"
"Code_414","2023-12-15","C73688","http://www.cdisc.org","Code","6f49263f-d896-4f00-b69a-98af3ce9e4d7","Count per Minute"
"Code_415","2023-12-15","C62122","http://www.cdisc.org","Code","69fc40ff-27c5-4659-81e4-83c56831bc53","Sitting"
"Code_416","2023-12-15","C62166","http://www.cdisc.org","Code","ffa526c1-f09b-4049-83aa-54e6498f0c90","Standing"
"Code_417","2023-12-15","C62167","http://www.cdisc.org","Code","95f4a8e3-e71b-42d6-a220-5bd94b38a850","Supine Position"
"Code_418","2023-12-15","C62164","http://www.cdisc.org","Code","80b425a7-f08a-4a54-a5ce-d86492c5b707","Body Position"
"Code_419","2023-12-15","C12681","http://www.cdisc.org","Code","61d18c5a-d0e7-44cf-a873-59957161b6a5","Brachial Artery"
"Code_420","2023-12-15","C12687","http://www.cdisc.org","Code","cc81e39a-6f25-425e-9af6-66b4a6147dbf","Common Carotid Artery"
"Code_421","2023-12-15","C32478","http://www.cdisc.org","Code","e7f335fb-04d7-4d0e-a012-a33972b90081","Dorsalis Pedis Artery"
"Code_422","2023-12-15","C12715","http://www.cdisc.org","Code","e481c99c-e1ce-45a0-aadb-35f0a2b3a676","Femoral Artery"
"Code_423","2023-12-15","C12838","http://www.cdisc.org","Code","e2b5bd72-a435-4bfe-a81c-aae01ac8540e","Radial Artery"
"Code_424","2023-12-15","C13717","http://www.cdisc.org","Code","de24d101-56a3-4b69-93e8-5a7591f32e2a","Anatomic Site"
"Code_425","2023-12-15","C25229","http://www.cdisc.org","Code","52f41b76-4d70-4dff-8ddd-209763397e5e","Left"
"Code_426","2023-12-15","C25228","http://www.cdisc.org","Code","d9498890-fae7-44ee-8bfa-920af9cc1ab4","Right"
"Code_427","2023-12-15","C25185","http://www.cdisc.org","Code","2cd68edd-d105-4876-a20b-d83b722c156d","Laterality"
"Code_428","2023-12-15","C49677","http://www.cdisc.org","Code","e1d6e948-5e7b-497c-856e-5671eb567bf1","HR"
"Code_123","2023-12-15","C174268","http://www.cdisc.org","Code","27cfd19e-44ac-43e4-a80d-c4701f74426e","Placebo Comparator Arm"
"Code_124","2023-12-15","C188866","http://www.cdisc.org","Code","e6431bcc-3211-4593-9d87-d7d29202c7d5","Data Generated Within Study"
"Code_125","2023-12-15","C174267","http://www.cdisc.org","Code","d4d226eb-0abf-43a8-8bb2-fdacca886c8a","Active Comparator Arm"
"Code_126","2023-12-15","C188866","http://www.cdisc.org","Code","4af3e98a-17aa-4625-b79b-a915bb6d9645","Data Generated Within Study"
"Code_127","2023-12-15","C174267","http://www.cdisc.org","Code","784492bd-2fb5-4b69-9a07-963002abc733","Active Comparator Arm"
"Code_128","2023-12-15","C188866","http://www.cdisc.org","Code","e97c00d4-48f4-43e6-925b-c44032a705c0","Data Generated Within Study"
"Code_136","2023-12-15","C15228","http://www.cdisc.org","Code","e96ca60f-9237-4c8e-bfe7-f05296d65be2","Double Blind Study"
"Code_129","2023-12-15","C202487","http://www.cdisc.org","Code","5dc470fc-ee55-4d2a-b696-134fa3bf8404","Screening Epoch"
"Code_130","2023-12-15","C101526","http://www.cdisc.org","Code","cd723918-df8e-474a-b72e-35ba78851f28","Treatment Epoch"
"Code_131","2023-12-15","C101526","http://www.cdisc.org","Code","2b298990-7241-4b9f-93dc-fbf2fbd04cd5","Treatment Epoch"
"Code_132","2023-12-15","C101526","http://www.cdisc.org","Code","b41d4e3f-3e79-4623-9563-89c7b5087725","Treatment Epoch"
"Code_133","2023-12-15","C202578","http://www.cdisc.org","Code","b12b3dff-dd53-4745-b113-d2a54e129821","Follow-Up Epoch"
"Code_550","1","G30.9","ICD-10-CM","Code","1a388ebe-ed58-406e-b3c0-a475f4cfd5fd","Alzheimer's disease; unspecified"
"Code_551","January 31, 2018","26929004","SNOMED","Code","3d43cdc9-daa4-4a88-80d2-c7453dd66f82","Alzheimer's disease"
"Code_142","2023-12-15","C70793","http://www.cdisc.org","Code","97e9109e-8166-4909-9d71-6ceff36f987f","Sponsor"
"Code_555","2023-12-15","C85826","http://www.cdisc.org","Code","373cfd95-c46f-4eee-8cf6-3d761c1d8d57","Primary Objective"
"Code_554","2023-12-15","C94496","http://www.cdisc.org","Code","801a1ca2-f6c9-4b64-b8fa-a661fed3ed06","Primary Endpoint"
"Code_556","2023-12-15","C94496","http://www.cdisc.org","Code","84d9e03b-aa0f-4210-a169-bf22cd2913cc","Primary Endpoint"
"Code_558","2023-12-15","C85826","http://www.cdisc.org","Code","2a7a5742-acf0-4248-aeca-db36aa2c33cd","Primary Objective"
"Code_557","2023-12-15","C94496","http://www.cdisc.org","Code","eaeab266-af0f-4495-9d37-e71ccb11ebd7","Primary Endpoint"
"Code_559","2023-12-15","C94496","http://www.cdisc.org","Code","59bddfc5-6ba6-4ab8-ac03-a16fd27bafb5","Primary Endpoint"
"Code_560","2023-12-15","C94496","http://www.cdisc.org","Code","b6b840c8-56c0-464c-8932-77536f7d668c","Primary Endpoint"
"Code_562","2023-12-15","C85827","http://www.cdisc.org","Code","b5edf54c-8b96-42a0-a354-df9317775c1a","Secondary Objective"
"Code_561","2023-12-15","C139173","http://www.cdisc.org","Code","b6940ede-7d20-42fa-9c2b-b5c48d1b6949","Secondary Endpoint"
"Code_563","2023-12-15","C139173","http://www.cdisc.org","Code","82350c9d-66e4-4a2e-86b4-d93c57699701","Secondary Endpoint"
"Code_564","2023-12-15","C139173","http://www.cdisc.org","Code","eae67e27-3e50-4a72-8438-009190ae77e7","Secondary Endpoint"
"Code_566","2023-12-15","C85827","http://www.cdisc.org","Code","08702f94-c257-4b9b-a536-fc10b6d34b96","Secondary Objective"
"Code_565","2023-12-15","C139173","http://www.cdisc.org","Code","b838793b-ee55-4605-b2c2-b25491cb7562","Secondary Endpoint"
"Code_568","2023-12-15","C85827","http://www.cdisc.org","Code","40e18527-fd16-4b65-900e-0fee13b910ed","Secondary Objective"
"Code_567","2023-12-15","C139173","http://www.cdisc.org","Code","f7a54ecc-1c4e-4691-a8f6-f8a38e0203d7","Secondary Endpoint"
"Code_570","2023-12-15","C85827","http://www.cdisc.org","Code","9b66359c-6212-4d02-854d-1ce3632d46ce","Secondary Objective"
"Code_569","2023-12-15","C139173","http://www.cdisc.org","Code","3aeea06c-4c6a-454e-a01e-b4b77aea4a36","Secondary Endpoint"
"Code_553","2023-12-15","C49636","http://www.cdisc.org","Code","900c86c6-159a-4e90-aae0-31bb3665210f","Both"
"Code_571","2023-12-15","C25532","http://www.cdisc.org","Code","bc67da4f-a4f4-4405-b9cb-685de6a381bb","Inclusion Criteria"
"Code_572","2023-12-15","C25532","http://www.cdisc.org","Code","f0ef8413-dde1-4ab2-8d9e-4bd24a371b2f","Inclusion Criteria"
"Code_573","2023-12-15","C25532","http://www.cdisc.org","Code","f714d92c-7a19-4bdd-83b5-a9e85b0eb81a","Inclusion Criteria"
"Code_574","2023-12-15","C25532","http://www.cdisc.org","Code","656593ac-7f00-4be1-8fa9-f84073ff7c11","Inclusion Criteria"
"Code_575","2023-12-15","C25532","http://www.cdisc.org","Code","be08f9cd-ed9e-4170-90eb-a7aa9059be9a","Inclusion Criteria"
"Code_576","2023-12-15","C25532","http://www.cdisc.org","Code","0620428a-963d-4132-922e-4c285739c490","Inclusion Criteria"
"Code_577","2023-12-15","C25532","http://www.cdisc.org","Code","f3668111-969f-4ba0-afc6-dca6a08a40d2","Inclusion Criteria"
"Code_578","2023-12-15","C25532","http://www.cdisc.org","Code","f47ee380-e9b1-4a66-b85c-6f89f18375e5","Inclusion Criteria"
"Code_579","2023-12-15","C25370","http://www.cdisc.org","Code","c6c67843-1a28-4e43-9ad3-3944a5fb04d8","Exclusion Criteria"
"Code_580","2023-12-15","C25370","http://www.cdisc.org","Code","31ce3984-881c-47fc-85d9-a7d5955562e9","Exclusion Criteria"
"Code_581","2023-12-15","C25370","http://www.cdisc.org","Code","ab056cf3-3421-45a4-8a78-212b8981c187","Exclusion Criteria"
"Code_582","2023-12-15","C25370","http://www.cdisc.org","Code","e61c5f4d-c1ec-44cf-a2c6-9944eb4b05b8","Exclusion Criteria"
"Code_583","2023-12-15","C25370","http://www.cdisc.org","Code","03c8b2c3-e56b-4378-9516-90acfb9618cc","Exclusion Criteria"
"Code_584","2023-12-15","C25370","http://www.cdisc.org","Code","efe622b7-c528-403c-8830-45ab65e8cb1e","Exclusion Criteria"
"Code_585","2023-12-15","C25370","http://www.cdisc.org","Code","b7500149-123f-4fa9-8b06-48c757c64d80","Exclusion Criteria"
"Code_586","2023-12-15","C25370","http://www.cdisc.org","Code","490f70f2-f67f-485d-aa8d-69cba14a528f","Exclusion Criteria"
"Code_587","2023-12-15","C25370","http://www.cdisc.org","Code","fd71c92e-bbb0-44a4-999f-177468235802","Exclusion Criteria"
"Code_588","2023-12-15","C25370","http://www.cdisc.org","Code","af782d12-1689-47e5-8036-0aa7ea20014f","Exclusion Criteria"
"Code_589","2023-12-15","C25370","http://www.cdisc.org","Code","48541d5a-ed0a-43a0-8c87-39a5f058558f","Exclusion Criteria"
"Code_590","2023-12-15","C25370","http://www.cdisc.org","Code","0a035f36-f861-4483-bab2-ee5964da78bf","Exclusion Criteria"
"Code_591","2023-12-15","C25370","http://www.cdisc.org","Code","c74f632c-2bda-4b1b-8d5a-6824c473f4e2","Exclusion Criteria"
"Code_592","2023-12-15","C25370","http://www.cdisc.org","Code","77fe79b8-34f6-47c1-849f-8b1a323b9007","Exclusion Criteria"
"Code_593","2023-12-15","C25370","http://www.cdisc.org","Code","1a16c947-33a9-41fd-b2a7-5de04651fdb7","Exclusion Criteria"
"Code_594","2023-12-15","C25370","http://www.cdisc.org","Code","d2ce97ea-ff69-4afb-b1f9-0d945eccacb9","Exclusion Criteria"
"Code_595","2023-12-15","C25370","http://www.cdisc.org","Code","9c7052d5-3451-444e-847a-3db78e7bd194","Exclusion Criteria"
"Code_596","2023-12-15","C25370","http://www.cdisc.org","Code","07bd9c5f-d2fd-401c-96f1-3ebd194012dd","Exclusion Criteria"
"Code_597","2023-12-15","C25370","http://www.cdisc.org","Code","1d5a7250-76b6-42c9-b0df-0c01cc3c5df3","Exclusion Criteria"
"Code_598","2023-12-15","C25370","http://www.cdisc.org","Code","addf73bd-9ebe-44ca-a645-da687e00861d","Exclusion Criteria"
"Code_599","2023-12-15","C25370","http://www.cdisc.org","Code","8f8dc999-b98f-42d6-b9d7-8af109b005c4","Exclusion Criteria"
"Code_600","2023-12-15","C25370","http://www.cdisc.org","Code","b30f7c91-6c75-4b33-88e3-5aed75d62edb","Exclusion Criteria"
"Code_601","2023-12-15","C25370","http://www.cdisc.org","Code","7d4574e0-90dd-4062-84e0-bad1f86e68b9","Exclusion Criteria"
"Code_552","2023-12-15","C29848","http://www.cdisc.org","Code","2ced914a-54b1-4566-b1dd-7a450abfa88b","Year"
"Code_14","2023-12-15","C201357","http://www.cdisc.org","Code","945df06f-2134-40ec-afa9-33e3e3215b1b","Before"
"Code_15","2023-12-15","C201355","http://www.cdisc.org","Code","ed77b422-07aa-4077-a09b-2dcbefa207a4","Start to Start"
"Code_16","2023-12-15","C201357","http://www.cdisc.org","Code","bd9a42cc-b4bb-475a-a701-15aeba3f4b4a","Before"
"Code_17","2023-12-15","C201355","http://www.cdisc.org","Code","4ac3f810-1dc9-47a6-ad5f-04838481cdf1","Start to Start"
"Code_19","2023-12-15","C201358","http://www.cdisc.org","Code","7bc8de26-aa82-4eaf-81b0-d16cca09c216","Fixed Reference"
"Code_20","2023-12-15","C201355","http://www.cdisc.org","Code","ed3545d1-6116-4408-a5da-a51ec7ae0a3c","Start to Start"
"Code_21","2023-12-15","C201356","http://www.cdisc.org","Code","1d092564-8750-494c-9c18-21124faa0e0f","After"
"Code_22","2023-12-15","C201355","http://www.cdisc.org","Code","24852cbe-9b3a-4a5c-9c33-fcd32edea5ce","Start to Start"
"Code_24","2023-12-15","C201356","http://www.cdisc.org","Code","8a7bba47-669c-4ede-b86d-6a12a2285dfe","After"
"Code_25","2023-12-15","C201355","http://www.cdisc.org","Code","3d334fd5-5083-47ee-bd2d-24cb7240d354","Start to Start"
"Code_27","2023-12-15","C201356","http://www.cdisc.org","Code","bda98cfd-633f-4d3f-88b7-bb4635588c39","After"
"Code_28","2023-12-15","C201355","http://www.cdisc.org","Code","688e58a8-20e9-47ab-b12f-ccdb6473aac5","Start to Start"
"Code_30","2023-12-15","C201356","http://www.cdisc.org","Code","68c78214-4817-4a11-bd93-675eb453369f","After"
"Code_31","2023-12-15","C201355","http://www.cdisc.org","Code","3394c0e5-83a3-4fae-82cf-42553c204983","Start to Start"
"Code_35","2023-12-15","C201356","http://www.cdisc.org","Code","539e3ffd-fec8-47b6-80eb-43ea58edcee0","After"
"Code_36","2023-12-15","C201355","http://www.cdisc.org","Code","8b85f87e-be68-4823-ba84-cc3b1768e9de","Start to Start"
"Code_40","2023-12-15","C201356","http://www.cdisc.org","Code","975dccd5-56e8-43c1-8812-3a2cd16d9743","After"
"Code_41","2023-12-15","C201355","http://www.cdisc.org","Code","4b9d40f6-e133-45c4-9bd1-e4408b3cf2f7","Start to Start"
"Code_45","2023-12-15","C201356","http://www.cdisc.org","Code","ba06f300-0691-454f-be0b-7018a8308822","After"
"Code_46","2023-12-15","C201355","http://www.cdisc.org","Code","5d938a9c-f703-44e0-a6d2-f59d5a299d56","Start to Start"
"Code_50","2023-12-15","C201356","http://www.cdisc.org","Code","51845b4b-9139-4afa-a870-361439c5b586","After"
"Code_51","2023-12-15","C201355","http://www.cdisc.org","Code","4c77ae61-bcc5-46cc-9f7b-eed02cec735f","Start to Start"
"Code_53","2023-12-15","C201356","http://www.cdisc.org","Code","ecee8da7-a8bd-404d-902b-13f03090dfa9","After"
"Code_54","2023-12-15","C201355","http://www.cdisc.org","Code","2b90394a-5aab-482a-97fc-9961f71a4cda","Start to Start"
"Code_33","2023-12-15","C201356","http://www.cdisc.org","Code","a7377f96-7200-42c6-ad6e-65b1ec79bd36","After"
"Code_34","2023-12-15","C201355","http://www.cdisc.org","Code","8c8c8a15-4e99-444c-bc64-039df8b78835","Start to Start"
"Code_38","2023-12-15","C201356","http://www.cdisc.org","Code","b772380f-38b2-4ca6-bf2d-a8c035797d83","After"
"Code_39","2023-12-15","C201355","http://www.cdisc.org","Code","b5810319-315b-4062-8f08-562f508b2ab3","Start to Start"
"Code_43","2023-12-15","C201356","http://www.cdisc.org","Code","be65707e-dfab-4818-9a71-3c5226a33015","After"
"Code_44","2023-12-15","C201355","http://www.cdisc.org","Code","ca69b866-e125-44d2-bcd9-55126f733b65","Start to Start"
"Code_48","2023-12-15","C201356","http://www.cdisc.org","Code","e7e87fd7-5d80-4a7c-b6c3-059fa8dcf8c8","After"
"Code_49","2023-12-15","C201355","http://www.cdisc.org","Code","4753dbb6-63e1-420c-b392-95486d801f01","Start to Start"
"Code_56","2023-12-15","C201358","http://www.cdisc.org","Code","fc9852cb-90f3-4053-9fce-d218b44f2cad","Fixed Reference"
"Code_57","2023-12-15","C201355","http://www.cdisc.org","Code","fca47574-89d2-4580-ae02-ea1ce5802ecf","Start to Start"
"Code_58","2023-12-15","C201358","http://www.cdisc.org","Code","0c17e67c-0944-49c4-bee5-90863b79840c","Fixed Reference"
"Code_59","2023-12-15","C201355","http://www.cdisc.org","Code","d80ac245-2d1f-4f55-a3ae-cf17565095e2","Start to Start"
"Code_60","2023-12-15","C201358","http://www.cdisc.org","Code","56e54837-b135-414a-a80a-578e7e783f28","Fixed Reference"
"Code_61","2023-12-15","C201355","http://www.cdisc.org","Code","23dcf93f-f650-4698-a795-c66a644a6b3b","Start to Start"
"Code_62","2023-12-15","C201356","http://www.cdisc.org","Code","a17e7861-1df6-438a-a839-3ec0dd02c26b","After"
"Code_63","2023-12-15","C201355","http://www.cdisc.org","Code","5ac73f1f-63b0-45ef-9ae1-a5deb8b7e829","Start to Start"
"Code_64","2023-12-15","C201356","http://www.cdisc.org","Code","3ce817fb-f6b2-435f-a747-49404426db64","After"
"Code_65","2023-12-15","C201353","http://www.cdisc.org","Code","4ef45a3d-96eb-4ec1-92a8-9429dc991964","End to Start"
"Code_66","2023-12-15","C201356","http://www.cdisc.org","Code","ed086def-c345-4c5e-a50a-ab7c6d8d5ba9","After"
"Code_67","2023-12-15","C201355","http://www.cdisc.org","Code","3f7d7fa7-d22c-4af5-8d65-9380792c848b","Start to Start"
"Code_68","2023-12-15","C201356","http://www.cdisc.org","Code","f088555d-8e98-4be7-b571-77cd49dfe1cd","After"
"Code_69","2023-12-15","C201353","http://www.cdisc.org","Code","f017f8f4-52a0-4765-8d25-436f62fe9fda","End to Start"
"Code_70","2023-12-15","C201356","http://www.cdisc.org","Code","011706da-738d-4378-aad7-2e1f994d3507","After"
"Code_71","2023-12-15","C201355","http://www.cdisc.org","Code","e82a4b9b-3d2b-4c10-bea4-e11c529fc768","Start to Start"
"Code_602","2023-12-15","C70793","http://www.cdisc.org","Code","5207a709-c32d-4e5a-ae74-682756705bbe","Clinical Study Sponsor"
"Code_603","2020-08","GBR","ISO 3166 1 alpha3","Code","f93d1d8e-5570-4607-be67-0580986e28c6","United Kingdom of Great Britain and Northern Ireland"
"Code_3","2023-12-15","C94108","http://www.cdisc.org","Code","057c25f0-d629-40e3-9689-5ec78b6f1ca4","Study Acronym"
"Code_5","2023-12-15","C99905x1","http://www.cdisc.org","Code","d7927bd7-6a21-4cfd-8a07-52d8a9c40e41","Brief Study Title"
"Code_6","2023-12-15","C99905x2","http://www.cdisc.org","Code","15c15d0a-e9a8-4886-b49c-c2ca6e1a939d","Official Study Title"
"Code_7","2023-12-15","C99905x3","http://www.cdisc.org","Code","785f1f98-0574-4134-8a7f-31d9e562c420","Public Study Title"
"Code_8","2023-12-15","C25508","http://www.cdisc.org","Code","e02d81d1-7dd5-4718-89af-18b472fb2c7f","Final"
"Code_11","2023-12-15","C99903x1","http://www.cdisc.org","Code","1a7be4af-5587-4e83-b0f6-486e48d73e02","Protocol Effective Date"
"Code_13","2023-12-15","C41129","http://www.cdisc.org","Code","5760d09b-ea2b-4fa8-8823-c313ad73a716","Region"
"Code_12","2020-08","150","ISO 3166 1 alpha3","Code","68d38d73-53e6-42e3-9651-61a17014655c","Europe"
