"uuid:ID","isEnabled","instanceType","id"
"a505c062-9820-44a1-a8d0-82f90e56de01","True","ResponseCode","ResponseCode_18"
"68e72bad-8946-4c01-8188-5fae30813c02","True","ResponseCode","ResponseCode_19"
"70ee6ad2-1c0f-45fb-b1c4-e06690570d75","True","ResponseCode","ResponseCode_20"
"75e51f50-5596-4760-8611-dbd7651b8027","True","ResponseCode","ResponseCode_21"
"30e1a849-ae67-4be0-9688-e78c88e7449b","True","ResponseCode","ResponseCode_22"
"b17d95a9-b3f0-49db-bc13-4a06a1111102","True","ResponseCode","ResponseCode_23"
"beb34560-6ff6-488d-9b0c-cf5712d588c3","True","ResponseCode","ResponseCode_24"
"ecbe0549-b9d5-4ee2-a64b-8be705860594","True","ResponseCode","ResponseCode_25"
"5cb1acf4-9c24-46ec-a0be-d95b0588218f","True","ResponseCode","ResponseCode_1"
"2ac3c91b-afd6-4932-9ee3-f5fe1d0205fd","True","ResponseCode","ResponseCode_2"
"61a8f7de-cd6b-40ba-a19e-81c9f40821f7","True","ResponseCode","ResponseCode_3"
"c938381b-fd9d-4151-aca6-23b93e3cdc8f","True","ResponseCode","ResponseCode_4"
"70897ea2-eae5-4958-9a14-99abc4090f41","True","ResponseCode","ResponseCode_5"
"66c71ec3-8998-4086-8427-71b711f02f5e","True","ResponseCode","ResponseCode_6"
"e41a9eb3-6fca-4342-9be3-cde0028d75a3","True","ResponseCode","ResponseCode_7"
"aefeb929-5084-482f-9a86-b978deccd467","True","ResponseCode","ResponseCode_8"
"8dca9991-278b-452d-841a-2185838eba8e","True","ResponseCode","ResponseCode_9"
"bd39fbdc-1137-4bdc-b0eb-3e0174d22474","True","ResponseCode","ResponseCode_10"
"450e8fe6-9b5b-4db5-95e5-dda3d4171ae7","True","ResponseCode","ResponseCode_11"
"cb19869a-2cf0-45bd-b654-0fa63200e33a","True","ResponseCode","ResponseCode_12"
"e9fe74bd-c292-42b1-8327-e05b9e4b7e60","True","ResponseCode","ResponseCode_13"
"8db14c16-7e6e-4d9a-a0a8-c7f2b7c71cdd","True","ResponseCode","ResponseCode_14"
"f922a255-05ee-4336-83dc-2df9f97e22c9","True","ResponseCode","ResponseCode_15"
"504e3243-3456-41ca-bc63-98d0d0a3864b","True","ResponseCode","ResponseCode_16"
"404fb835-b0cd-49ba-8ffb-d2604b3edb8a","True","ResponseCode","ResponseCode_17"
